1414200,
kgfrend,
Golden Experience,
3.34PM,(G)-IDLE
espurr,1THE9
Beyond Education,24K
Alpha Ray,
EOE,3YE
Bblack,A.C.E
Oc*ober,AB6IX
F4KER,
Xenon,
THE BALLAD BOYZ,AKB48
White Hole,AKMU
TEALMAUVE,
ASINK,
P2P,
BESTXVSOT,
SixtyNine,
TOL GIRLS,
Jompin,
MELON-THIEVES,Astro
wekk//dimbe,ATEEZ
EOE,
6C1CA (6 CATBOYS 1 COWBOY),BECZ
4C1CO (4 COWBOYS 1 CATBOY),
Super Mullet,
postcapitaaa.lysn,BLK
Legally Blonde,Block B
SMOL BOIS,BonBon Girls 303
Tabel,Botopass
The W( )mblers,
Quoissant,
Dogtoe,Busters
Nyaakidd,BVNDIT
Ambiquextrous,"BYUL, DAL"
Penholes,Cherry Bullet
Ambigueers,Cignature
hewwo,CIX
w0w0w,CLC
Night5,CRAVITY
oxo,D:amant
Dog7,
Lovely Kiss,DIA
Ratats,Diamond
M4TERIAL1SM,DKB
AZIt,Dreamcatcher
Pencil Sharpener,E'LAST
Berry Chomb,ELRIS
Dungeon,ENHYPEN
Three Point Eight Percent,Everglow
ExcuseMe,EXID
Top of the Mornin,
5hinny,Fanatics
Moo Moo Moos,FANXYRED
Eighty Six Point Four,flor_us
ABS.OLUT,Frhanm Shangguan
These Boys,Fromis_9
Those Boys,Hanksea
The Other Boys,Golden Child
Nacho Cheese,
AYY (WEBALLIN),Gugudan
WEDNESDAYSCREAM,GWSN
Biiiweekly,
Piki Wiki,
WEE F*CKIN WOO,HINAPIA
800ty,
Dandy Girls,HKT48
Violet Skinned Girls,ì½œë“œ
plsstr3am,iKon
Actual Keysmash,Infinite
ZZZZ.ZZZ,ITZY
H!,IZONE
Interrobang!?,KARA
KoreanX,KARD
JEB!,KNK
Sola,Ladiesâ€™ Code
Blurse D,LAYSHA
MAI-dusa,
>WMW<,Lovelyz
Boundary,MAMAMOO
Debális,MCND
GEN!!THREE,MOMOLAND
Sha*Ting,Monsta X
GirlyBoyz,Move team
DISCOBABY,Mystic Story Girls
Winbywunby,MYTEEN
WLD (Weird Little Dudes),N.TIC
Black Forest,
PinkCircle,
Gibibiby,
The Marks,
,Now United
,Nu'est
,Off The Cuff
,Oh My Girl
,ONEUS
,ONF
,OnlyOneOf
,Pentagon
,Pink Fantasy
,Pixy
,Play M BOYS
,Pretty Pretty team
,PRISM
,PRISMA
,Purple K!SS
,R1SE
,
,
,Rhythm Power
,Rocket Punch
,Saturday
,Secret Number
,
,Seventeen
,SF9
,SHA SHA
,
,SNH48
,SONAMOO
,South Club
,SS501
,Stray Kids
,Super Junior
,Superkids
,T-Ara
,Target
,Teen Top
,TFBoys
,The Boyz
,The Rose
,The Untamed Boys
,THE9
,
,VALUABLE
,DBXQ
,Thrice
,U-Quiss
,
,UNIQ
,UNVS
,UP10TION
,DAVE
,VERIVERY
,VICTON
,VIXX
,
,
,
,
,WEi
,
,WhiteDay
,WINNER
,WJSN
,Woo!Ah!
,X1
,Y&Z Project
,Yumi
