Adam,Philippa
Albert,Plippy
Albie,Hannah
Alexander,Han the Melon Thief
Alfie,Amelia
Archie,Isla
Arlo,Eva
Arthur,Mia
Benjamin,Isabella
Blake,Sophia
Bobby,Grace
Bran,Lily
Brian,Freya
Carter,Emily
Charles,Ivy
Charlie,Ella
Daniel,Rosie
David,Evie
Dylan,Florence
Edward,Poppy
Elliot,Charlotte
Elliott,Willow
Ellis,Evelyn
Ethan,Elsie
Ewan,Phoebe
Ezra,Sophie
Felix,Sienna
Finley,Alice
Finn,Sofia
Frankie,Ruby
Freddie,Isabelle
Frederick,Harper
Gabriel,Matilda
George,Daisy
Grayson,Emilia
Harley,Jessica
Harrison,Maya
Harry,Eva
Henry,Luna
Hugo,Millie
Hunter,Eliza
Isaac,Chloe
Jack,Maisie
Jackson,Penelope
Jacob,Aria
Jake,Esme
James,Scarlett
Jasper,Imogen
Jaxon,Thea
Jesse,Ada
Jimothy,Layla
Joseph,Harriet
Joseph,Mila
Joshua,Violet
Jude,Eleanor
Leo,Bella
Leon,Erin
Liam,Elizabeth
Logan,Rose
Louie,Molly
Louis,Hallie
Luca,Emma
Lucas,Lola
Mason,Lucy
Matthew,Bonnie
Max,Ellie
Michael,Nancy
Noah,Robyn
Oliver,Zara
Ollie,Lottie
Oscar,Hannah
Pete,Maria
Peter,Aurora
Ralph,Arabella
Reggie,Holly
Reuben,Jasmine
Riley,Gracie
Roman,Georgia
Ronnie,Delilah
Rory,Darcie
Rowan,Orla
Ryan,Amber
Samuel,Amelie
Sebastian,Iris
Stanley,Anna
Swan,Abigail
Teddy,Bernadetta
Theo,Marianne
Theodore,Elsa
Thomas,Mildred
Toby,Marie
Tommy,Gabriella
William,Jenny
Zachary,Jennifer
